1836			1 KD on your order	0
1849			10% on your order	0
1842			10% on your order	0
1729			10% on your order	-1
1848			10% on your order	0
1731			10% on your order (Max 3 KD)	0
1844			15% on your order	0
1847			15% on your order	0
1730			20% on your order	-1
1850			20% on your order	0
1843			20% on your order	0
1736			20% on your order (Max 3 KD)	0
1737			30% on your order (Max 3 KD)	0
2154	Xiaomi		3250mAh MI POWER BANK FLASHLIGHT	69
1738			40% on your order (Max 5 KD)	0
1734			5% on your order	0
1733			5% on your order	0
1739			50% on your order (Max 5 KD)	0
2153	Xiaomi		5000Ah MI POWER BANK 2 (SILVER)	232
1795			Arsel Delivery Far ways	0
2775	Havit	6939119069452	Audio series-Bluetooth speaker SK862BT	81
2774	Havit	6939119066864	Audio series-Trolley speaker SQ143BT Black	117
1835	Bandolino		Bandolino Bow Loafers Black	0
1778	Bestrio		Besterio Air Clip BC02	-1
1790	Bestrio		Bestrio earbuds ST27	-1
1715			Bosta Delivery Zone 1	0
1716			Bosta Delivery Zone 2	-1
1717			Bosta Delivery Zone 3	-1
1718			Bosta Delivery Zone 4	-1
1719			Bosta Delivery Zone 5	-1
1720			Bosta Delivery Zone 6	-1
1721			Bosta Delivery Zone 7	-1
1702	Budi		Budi PB800B 10000mAh Power Bank	-1
1700	Budi		Budi PB817H 10000mAh Power Bank	-1
1701	Budi		Budi PB823B 10000mAh Power Bank	-1
1732			Car Accessories Bundel	0
1776	Topopso		Car Bluetooth Topopso TPS-D19	-1
2163	Redmi		Charging Cable  Redmi Watch2 series Smart Band pro	187
1770			Clothes drying heater	-1
2793		6939119082499	GT-T1007 （PA306)	27
2810	Havit	6939119028312	Gaming series-Gaming keyboard+mouse combo KB501CM	98
2813	Havit	6939119023096	Gaming series-Gaming mouse black+gray MS1001S	89
1758			Gift Card	0
1757			Gift Card	0
1761			Gift Card	0
1765			Gift Card	0
1759			Gift Card	0
1760			Gift Card	0
1762			Gift Card	0
1763			Gift Card	0
1764			Gift Card	0
1766			Gift Card	0
1748			Gift Card 10KD	-1
1750			Gift Card 15KD	-1
1751			Gift Card 20KD	-1
1752			Gift Card 25KD	-1
1753			Gift Card 30KD	-1
1754			Gift Card 35KD	-1
1749			Gift Card 3KD	-1
1755			Gift Card 40KD	-1
1756			Gift Card 50KD	-1
1747			Gift Card 5KD	-1
2804			H2016d 3.5mm RGB gaming headphone black	410
2722	Havit	6939119044961	HAKII  Air-conduction bluetooth headset HAKII MIX -Black	441
2738	Havit	6939119075613	HAKII - ICE LITE-Blue True wireless earbuds	216
2809	Havit		HAVIT KB488L Multi-function backlit keyboard black	102
2785	Havit	6939119082505	HAVIT Neck Massager NM1702 yellow	241
2798	Havit	6939119079383	HAVIT Projector PJ212 PRO - White	440
2797	Havit	6939119079802	HAVIT Projector PJ215 PRO - Black	340
2801	Havit	6939119080044	HAVIT projector screen PS100E	208
2786	Havit	6939119022815	HAVIT-EM1601 care-Eye massager GREY	84
2787	Havit	6939119024390	HAVIT-FE100 care -Fitness Pulling Rope BLUE	354
2718	Havit	6950676204407	HAVIT-M81 watch-Fitness tracker BLUE	254
2719	Havit	6950676204414	HAVIT-M81 watch-Fitness tracker PINK	353
2782	Havit	6939119022730	HAVIT-MG1501 care-Mini Massage Gun-Black	218
2784	Havit	6939119022778	HAVIT-MG1503 Double-head Massage Gun	307
2783	Havit	6939119024734	HAVIT-MG1508 care-Mini Massage Gun	316
2788	Havit	6939119025496	HAVIT-PJ202 Projector	259
2789	Havit	6939119045807	HAVIT-PJ202-UK Projector pro	254
2781	Havit	6939119024161	HAVIT-VLM1850 care-Portable Calf Massager grey	137
2884	HiFuture	6972576181534	HIFUTURE WEDGE 360 Degree Touch Control TWS Lifestyle Speaker-brown	173
1827	Huawei		HUAWEI MatePad 11.5 PaperMatte 256GB	-1
1829	Huawei		HUAWEI MatePad Mini 256GB	-1
1828	Huawei		HUAWEI MatePad Mini PaperMatte 256GB	-1
1826	Huawei		HUAWEI MatePad Pro 12.2" 512GB	-1
1825	Huawei		HUAWEI MatePad SE11 128GB Tablet	-1
1823	Huawei		HUAWEI MatePad SE11 6GB Ram 128GB Memory	-1
1824	Huawei		HUAWEI MatePad SE11 8GB Ram 128GB Memory	-1
1822	Huawei		HUAWEI Pura 80 Ultra 6.8" 512GB	-1
2750			HV-I39/Bluetooth headset- blue	304
1830	hainoteko		HainoTeko 24 Mini Smart Watch For Women	-1
1793	hainoteko		HainoTeko FG-5 With SIM Card Smartwatch	480
1794	hainoteko		HainoTeko FG-7 With SIM Card Smartwatch	-1
1832	hainoteko		HainoTeko RW 81 Smart Watch Waterproof	-1
1772	hainoteko		HainoTeko Smart Watch 31 mini	-1
1773	hainoteko		HainoTeko Smart Watch RW 77	-1
2728	Havit	6939119065218	Havit - TW905 Audio series-TWS earbuds Black	282
2727	Havit	6939119031909	Havit - TW925 Audio series-TWS earbuds White	307
2730	Havit	6939119047078	Havit - TW929 PRO Audio series-TWS earbuds Black	265
2731	Havit	6939119088200	Havit - TW958 PRO Audio series - TWS earbuds Black	285
2732	Havit	6939119065256	Havit - TW958 PRO Audio series - TWS earbuds White	308
2749	Havit		Havit Audio series HAKII Light LED MP3 Player Bluetooth Earbuds HAKII LIGHT	394
2772	Havit	6939119024338	Havit Audio series-Bluetooth Speaker SK838BT  black	97
2770	Havit	6939119088224	Havit Audio series-Bluetooth speaker SK819BT BEIGE	299
2771	Havit	6939119088248	Havit Audio series-Bluetooth speaker SK819BT Black	310
2778	Havit	6939119080235	Havit Audio series-Bluetooth speaker SK823BT Beige	0
2773	Havit	6939119097264	Havit Audio series-Bluetooth speaker SK885BT Black	176
2769	Havit	6939119068684	Havit Audio series-Bluetooth speaker SK894BT Black	390
2761	Havit	6939119088163	Havit Bluetooth headphone H630BT PRO Black	125
2763	Havit	6939119088187	Havit Bluetooth headphone H630BT PRO Blue	116
2764	Havit	6939119088194	Havit Bluetooth headphone H630BT PRO Butter	120
2762	Havit	6939119088170	Havit Bluetooth headphone H630BT PRO Pink	128
2765	Havit	6939119090708	Havit Bluetooth headphone H652BT Beige	129
2766	Havit	6939119081492	Havit Bluetooth headphone H668BT BLK	124
2767	Havit	6939119081430	Havit Bluetooth headphone H668BT Beige	144
2844	Havit	6939119035686	Havit CB6326 3 in 1 Cable 1.2M BLK\BLU	248
2744	Havit	6939119022457	Havit E73P/Wired earphone- black	305
2748	Havit	6939119047108	Havit Freego1 Air Audio series-Bluetooth earphone Beige	465
2745	Havit	6939119047092	Havit Freego1 Air Audio series-Bluetooth earphone Black	434
2746	Havit	6939119079871	Havit Freego1 Air Audio series-Bluetooth earphone blue	249
2807	Havit	6939119046842	Havit Gaming series-2.4G Gaming headphone Fuxi-H3 Black	435
2808	Havit	6939119064402	Havit Gaming series-2.4G Gaming headphone Fuxi-H3 White+Black	412
2805	Havit	6939119014223	Havit Gaming series-Gaming headphone H2002d Black+Ochre	390
2812	Havit	6950676299533	Havit Gaming series-Gaming mouse MS963 black	100
2724	Havit	6939119064907	Havit HAKII MIXV Size M - Black	309
2723	Havit	6939119065041	Havit HAKII MIXV Size S - Black	309
2726	Havit		Havit HAKII MIXV Size S- Tie-dye Ar	482
2847	Havit	6939119039646	Havit HAP102 Air purifier White	178
2848	Havit	6939119039592	Havit HAP102 filter Air purifier filter GRN	176
2803	Havit	6950676215380	Havit IP Camera IPC20-UK WHT	328
2707	Havit	6939119030377	Havit M9005W Smart Bracelet	283
2709	Havit	6939119088699	Havit M9030 PRO Smart Life Series - Smart Watch	279
2710	Havit	6939119041571	Havit M9036 Smart Life Series - Smart Watch	277
2712	Havit	6939119068356	Havit M9037 BLK Smart Life series-smart watch	299
2713	Havit	6939119088682	Havit M9037 Beige Smart Life series-smart watch	312
2711	Havit	6939119068349	Havit M9037 Pink Smart Life series-smart watch	288
2824	Havit	6939119074449	Havit Mobile series-Power bank BLK PB5211 BLK	223
2827	Havit	6939119046965	Havit Mobile series-Power bank PB5203 black	87
2826	Havit	6939119046972	Havit Mobile series-Power bank PB5203 silver	89
2822	Havit	6939119067045	Havit Mobile series-Power bank PB5215 BLK	192
2823	Havit	6939119067298	Havit Mobile series-Power bank PB5215 WHT	417
2840	Havit	6950676215236	Havit Mobile series-USB cable CB6244 Black+Grey	355
2843	Havit	6939119087395	Havit Mobile series-USB cable CB6247 BLK	260
2836	Havit	6939119071004	Havit Mobile series-USB charger 20W UC220 UK BLK + GRY	166
2837	Havit	6950676216691	Havit Mobile series-USB charger 30W UC30 UK BLK	143
2832	Havit	6939119037482	Havit PB32 10000mAh Power Bank+USB-C Cable BLK\GRY	106
2833	Havit	6939119037499	Havit PB35  20000mAh Power Bank +USB-C Cable BLK\GRY	101
2821	Havit	6939119079406	Havit PB7001 Power Bank 5000mAh Portable Charging Mini Capsule Power Bank Mobile Phone 18W Power Banks	101
2815	Havit	6939119023379	Havit PC series-Live microphone-GK59	258
2792	Havit	6939119045975	Havit PJ208 DLP HD Projector	318
2780	Havit	6939119038595	Havit SK868BT Bluetooth speaker BLK\GRY	175
2716	Havit	6939119078676	Havit Smart Life series smart watch M9046 BLU	455
2796	Havit	6939119046095	Havit Smart life series-Projector accessories PA301 black	243
2800	Havit		Havit Smart life series-Projector accessories PA302 white	0
2799	Havit	6939119065010	Havit Smart life series-Projector accessories PS100 black	58
2794	Havit	6939119079024	Havit Smart life series-Projector accessories UK Plug PJ211 PRO black	69
2741	Havit	6939119082529	Havit TWS earbuds OWS907 BLK	154
2740	Havit	6939119080228	Havit TWS earbuds OWS907 Grey	176
2742	Havit		Havit TWS earbuds OWS910 BLK	484
2839	Havit	6939119037444	Havit UC252 A-UK Wall cgarger 65W +USB-C Cable BLK	148
2752	Havit	6939119077815	Havit Wired Type-C earphone E336C WHT	176
2845	Havit		Havit bagPack- black-H0022	335
2715	Havit	6939119078652	Havit smart watch M9046 BLK	299
2806	Havit		Havit-Gaming headphone-Black  HV-H2232d	437
2756	Havit	6939119073107	Havit-H630BT Audio series-Bluetooth headphone - Beige	404
2755	Havit	6939119073077	Havit-H630BT Audio series-Bluetooth headphone - Black	211
2760	Havit	6939119098315	Havit-H633BT Audio series-Bluetooth headphone - Beige	237
2757	Havit	6939119041755	Havit-H633BT Audio series-Bluetooth headphone - Black	245
2759	Havit	6939119098339	Havit-H633BT Audio series-Bluetooth headphone - Blue	304
2758	Havit	6939119098322	Havit-H633BT Audio series-Bluetooth headphone - Pink	238
2754	Havit	6939119087425	Havit-H655BT Audio series-Bluetooth headphone - Beige	271
2753	Havit	6939119087432	Havit-H655BT Audio series-Bluetooth headphone - Black	270
2720	Havit	6939119058753	Havit-KW11 Kids Watch - Blue	278
2721	Havit	6939119056858	Havit-KW11 Kids Watch - Blue	177
2734	Havit	6939119068028	Havit-TW969 Audio series-TWS earbuds - Beige	215
1791			Hieq 10 Mini2	-1
2894	Hohem	6270352292161	Hohem Shell Backpack HC1	60
1808	Huawei		Huawei Band 10	-1
1806	Huawei		Huawei Band 11	-1
1807	Huawei		Huawei Band 11 Pro	-1
1802	Huawei		Huawei FreeArc	-1
1803	Huawei		Huawei FreeBuds 6	-1
1797	Huawei		Huawei FreeBuds SE 2	-1
1798	Huawei		Huawei FreeBuds SE 3	-1
1799	Huawei		Huawei FreeBuds SE 4 ANC	-1
1801	Huawei		Huawei FreeClip	-1
1800	Huawei		Huawei Freebuds 7i	-1
1805	Huawei		Huawei Freebuds Pro 5	-1
1804	Huawei		Huawei Freeclip 2	-1
1813	Huawei		Huawei Watch 5 46mm Black	-1
1815	Huawei		Huawei Watch 5 46mm Purple	-1
1814	Huawei		Huawei Watch 5 46mm Titanium	-1
1821	Huawei		Huawei Watch D2	-1
1809	Huawei		Huawei Watch Fit 4	-1
1810	Huawei		Huawei Watch Fit 4 Pro	-1
1811	Huawei		Huawei Watch Fit 5	-1
1812	Huawei		Huawei Watch Fit 5 Pro	-1
1819	Huawei		Huawei Watch GT6 41mm Milanese	-1
1820	Huawei		Huawei Watch GT6 41mm Purple	-1
1817	Huawei		Huawei Watch GT6 Pro 46mm Black	-1
1816	Huawei		Huawei Watch GT6 Pro 46mm Brown	-1
1818	Huawei		Huawei Watch GT6 Pro 46mm Titanium	-1
1774			JBL Tune Buds 2 Earbuds White	-1
1769	Kokola		Kokola power bank 50000mah k505	0
1787	LEVINO		LEVINO N22 Power Bank 30000mAh 22.5W	0
1789	LEVINO		LEVINO N23 Power Bank 40000mAh 22.5W	0
1788	LEVINO		LEVINO N26 Power Bank 20000mAh 22.5W	0
1771			Labubu AH-806G Headphone Foldable Design Multi-Color	-1
2407	Laifen	6976973850260	Laifen Mini Hair dryer; 1100W; 19m/s; 110,000 RPM	121
2405	Laifen	6976973850291	Laifen Mini Hair dryer; 1100W; 19m/s; 110,000 RPM	131
2404	Laifen	6976973850284	Laifen Mini Hair dryer; 1100W; 19m/s; 110,000 RPM	109
2406	Laifen	6976973850277	Laifen Mini Hair dryer; 1100W; 19m/s; 110,000 RPM	122
2399	Laifen	6976973853322	Laifen SE Hair dryer; 1500W; 21m/s; 105,000 RPM	107
2398	Laifen	6976973853339	Laifen SE Hair dryer; 1500W; 21m/s; 105,000 RPM	86
2397	Laifen	6976973853346	Laifen SE Hair dryer; 1500W; 21m/s; 105,000 RPM	123
2400	Laifen	6976973850109	Laifen SE Lite Hair dryer; 1400W; 19m/s; 100,000 RPM	102
2402	Laifen	6976973850932	Laifen SE Lite Hair dryer; 1400W; 19m/s; 100,000 RPM	120
2403	Laifen	6976973850925	Laifen SE Lite Hair dryer; 1400W; 19m/s; 100,000 RPM	95
2401	Laifen	6976973850918	Laifen SE Lite Hair dryer; 1400W; 19m/s; 100,000 RPM	110
2393	Laifen	6973833032484	Laifen Swift Premium Hair dryer; 1600W; 22m/s; 110,000 RPM	136
2392	Laifen	6973833032460	Laifen Swift Premium Hair dryer; 1600W; 22m/s; 110,000 RPM	143
2391	Laifen	6973833032477	Laifen Swift Premium Hair dryer; 1600W; 22m/s; 110,000 RPM	126
2394	Laifen	6973833030428	Laifen Swift Special Hair dryer; 1600W; 22m/s; 110,000 RPM	96
2395	Laifen	6973833030404	Laifen Swift Special Hair dryer; 1600W; 22m/s; 110,000 RPM	124
2396	Laifen	6973833030381/
6976973852882	Laifen Swift Special Hair dryer; 1600W; 22m/s; 110,000 RPM	117
2419	Laifen	6973833031630	Laifen Wave Toothbrush - Type-C Magnetic Charging Cable	124
2768		6939119031329	M76 Strong Bass wireless waterproof speaker RED	314
2708		6939119045746	M9024 Smart Watch	158
2253	Xiaomi		MI Handheld Vacuum Cleaner 1C Hepa (2 Units)-White	433
2289	Xiaomi		MI PORTABLE ELCTRIC AIR COMPRESSOR	200
2264	Xiaomi		MI ROBOT VACUUM-MOP P SIDE BRUCH - BLACK	415
2257	Xiaomi	6934177716430	MI ROBOT VACUUM-MOP P WATER TANK	374
2134	Xiaomi		MI Smart Band 5	219
2164	Xiaomi		MI TRUE WIRELESS EARBUDS BASIC	267
2178	Xiaomi		MI URBAN BACKPACK (BLACK)	-1
2159	Xiaomi		MI WIRELESS CHARGING PAD	392
2188	Xiaomi		MI Xioami Light BIG	297
2933	MOFT	6975820901643	MOFT MD020-1-i15pro-JTBK Snap  Case - iPh 15	32
2912	MOFT	6972243549148	MOFTMS025-1-DEBU Snap Flash Wallet Stand	303
2191	Xiaomi		Mi 360° Camera 1080p - white	385
2223	Xiaomi	6934177723179	Mi Automatic Foaming Soap Dispenser	332
2224	Xiaomi		Mi Automatic Foaming Soap Dispenser + Foaming Hand	230
2169	Xiaomi		Mi Bluetooth Speaker (Blue)	350
2168	Xiaomi		Mi Bluetooth Speaker (Gold)	459
2189	Xiaomi	6934177719943	Mi Dash Cam 2	410
2298	Xiaomi		Mi Desktop Monitor 27" UK - Black	246
2286	Xiaomi	6934177745874	Mi Door and Window Sensor 2	391
2194	Xiaomi		Mi Home Security Camera Basic 1080p	360
2184	Xiaomi		Mi LED Smart Bulb (White and Color)	159
2185	Xiaomi		Mi Light Detection Sensor	354
2186	Xiaomi	6934177751325	Mi Motion-Activated Night Light 2 (Bluetooth)	409
2205	Xiaomi		Mi Portable Photo Printer Paper 2x3-inch, 20	326
2259	Xiaomi		Mi Robot Vaccum-Mop Essential Brush Cover Gray	416
2254	Xiaomi		Mi Robot Vaccum-Mop Essential Disposable Mop Pad	239
2258	Xiaomi		Mi Robot Vaccum-Mop P Bruch SKV4119TY	297
2263	Xiaomi	6934177778346	Mi Robot Vacuum-Mop 2 Pro/2 Lite Brush Cover	467
2262	Xiaomi		Mi Robot Vacuum-Mop Essential Filter-White	395
2213	Xiaomi		Mi Router 4A Gigabit Edition	289
2215	Xiaomi	6934177746673	Mi Router 4C UK	224
2283	Xiaomi		Mi Selfie Stick TriPod (Black)	185
2284	Xiaomi		Mi Selfie Stick TriPod (Grey)	211
2240	Xiaomi	6941812729311	Mi Smart Air Fryer 6.5L - White	70
2241	Xiaomi	6932554440794	Mi Smart Air Fryer 6.5L - White UK	169
2242	Xiaomi	6941812729304	Mi Smart Air Fryer 6.5L -Black	74
2131	Xiaomi		Mi Smart Band 5 Strap Set (Black,Orange,Cyan)	473
2130	Xiaomi		Mi Smart Band 5 Strap Set (Blue,Yellow,Green)	418
2135	Xiaomi		Mi Smart Band 6	254
2222	Xiaomi		Mi Smart Electric ToothBrush T500	155
2183	Xiaomi		Mi Smart LED Bulb Essential (White and Color)	293
2216	Xiaomi		Mi Smart Plug (WiFi)	106
2195	Xiaomi	6934177746390	Mi Smart Projector 2 UK	-1
2165	Xiaomi		Mi True Wireless Earphones 2 Basic	304
2249	Xiaomi	6934177723902	Mi Vacuum Cleaner Light HEPA Filter (2-Pack)	421
2256	Xiaomi	6934177724398	Mi Vacuum Cleaner mini HEPA Filter (2-Pack)	210
2143	Xiaomi		Mi Watch Beige	449
2192	Xiaomi	6934177722028	Mi Wireless Outdoor Security Camera 1080p	344
2193	Xiaomi	6934177722004	Mi Wireless Outdoor Security Camera 1080p Set	344
2132	Xiaomi		Mi smart band 6 strap (3 pack)-Yellow-white-green	265
2144	Xiaomi		Mi watch Navy Blue	228
2293	Xiaomi	6932554485580	Mijia Compact Portable Electric Air Compressor	278
2268	Xiaomi	6932554479695	Mijia Lint Remover 2 GL	289
2203	Xiaomi	6932554480011	Mijia Rotary Tool Kit	249
2228	Xiaomi	6932554469016	Mijia Smart Air Purifier 6 UK	132
2281	Xiaomi	6932554487133	Mijia Smart Audio Glasses Pilot-Style	350
2229	Xiaomi	6932554469023	Mijia Smart Pet Care Air Purifier GB	412
2204	Xiaomi	6932554480028	Mijia Tool Kit	419
2835			Mobile Series-Charger Kit UC132 kit UK black	112
1777	Earldom		Mobile Stand Earldom EH254	0
1779	Modio		Modio Ear Clip OWS-04	0
1782	Oteeto		Oteeto Bluetooth OT107	0
1783	Oteeto		Oteeto Bluetooth OT108	0
1781	Oteeto		Oteeto Bluetooth OT14	0
1780	Oteeto		Oteeto Bluetppth Air Clip	0
2818	Havit	6939119044664	PC series-Bluetooth gamepad G180BT	439
2814	Havit	6939119022914	PC series-Mousepad MP845	109
2791		6939119046712	Personal care series-Projector-PJ207 -UK	492
2790		6939119046729	Personal care series-Projector-PJ207 PRO-UK	265
1722	Rajeunir Avance		Rajeunir Avance Cream	-1
1723	Rajeunir Avance		Rajeunir Avance Eye Cream	-1
2166	Redmi	6941812777565	Redmi Buds 6 Active - Transparent powder	376
2167	Redmi	6941812777756	Redmi Buds 6 Pro Space Black	489
2197	Redmi		Redmi Pad Pro Keyboard (Arabic)	394
2125	Redmi		Redmi Watch 2 Lite -Ivory	377
2127	Redmi	6941812726457	Redmi Watch 3 Active Gray	395
2128	Redmi	6941812791585	Redmi Watch 5 Active Midnight Black	408
2533	SIA		SIA Bluetooth speaker 6W GT-HV190 black	396
2605	SIA		SIA LED FAN SIFANF1	90
2556	SIA		SIA PB302 10000mAh power bank with cable 38.5WH green	293
2513	SIA		SIA TVBY2 TV Box Google Android 9.0 Wifi 2GB 8GB	94
2819	Havit		ST7011  Live support with LED light	35
2820	Havit	6939119030537	ST7021 Live support with LED light	386
1704			Scalp massager for hair growth gray	-1
1726	Rajeunir Avance		Scandi Hair Rejuvenating Conditioner	-1
1727	Rajeunir Avance		Scandi Hair Rejuvenating Shampoo	-1
1785			Speaker Drum Mini 2	0
1796			Test Product	0
2416	Laifen	6976973852493/
6973833031685	Transparent brush Head with Gum Care support	104
2417	Laifen	6976973852486/
6973833031678	Transparent brush Head with Super Clean support	109
2418	Laifen	6976973852509/
6973833031692	Transparent brush Head with Ultra Whitening support	96
1784	vidvie		Vidvie Headphone BBH2116	0
1775	vidvie		Vidvie Power Extension PSB07	-1
2409	Laifen	6976973853568	Wave Tooth Brush (ABS Plastic)with high-frequency vibrations of up to 66,000 times per minute with an ultra-wide 60° oscillating motion. IOS and Android Support	38
2410	Laifen	6976973853551	Wave Tooth Brush (ABS Plastic)with high-frequency vibrations of up to 66,000 times per minute with an ultra-wide 60° oscillating motion. IOS and Android Support	47
2408	Laifen	6973833031593	Wave Tooth Brush (ABS Plastic)with high-frequency vibrations of up to 66,000 times per minute with an ultra-wide 60° oscillating motion. IOS and Android Support	61
2411	Laifen	6976973853537/
6973833031609	Wave Tooth Brush Aluminum Alloy with high-frequency vibrations of up to 66,000 times per minute with an ultra-wide 60° oscillating motion. IOS and Android Support	45
2412	Laifen	6973833031616/
6976973853544	Wave Tooth Brush Stainless Steel with high-frequency vibrations of up to 66,000 times per minute with an ultra-wide 60° oscillating motion. IOS and Android Support	32
2413	Laifen	6973833031654	White brush Head with Gum Care support	109
2414	Laifen	6973833031647	White brush Head with Super Clean support	116
2415	Laifen	6973833031661	White brush Head with Ultra Whitening support	109
1768	xo		XO Wireless Mic MC12	-1
2156	Xiaomi	6932554467968	Xiaomi 20W Fast Charging power Adapter (Type-C) UK	344
2150	Xiaomi	6932554411800	Xiaomi 33W Magnetic Power Bank 10000mAh (Integrated Cable) White	164
2157	Xiaomi	6932554444020	Xiaomi 33W Nano Power Adapter(USB-C) UK	197
2161	Xiaomi	6932554444013	Xiaomi 3A Braided USB-C to USB-C Cable (1m)	236
2210	Xiaomi	6971408159949	Xiaomi 5G CPE pro V2	323
2158	Xiaomi	6932554443993	Xiaomi 90W HyperCharge Power Adapter(3-Port) UK	152
2244	Xiaomi	6932554440800	Xiaomi Air Fryer 6.5L Black UK	235
2171	Xiaomi		Xiaomi Bluetooth Speaker Mini (QBH4274GL)	468
1745	Xiaomi	6941812767573	Xiaomi Camera CW300	-1
2278	Xiaomi	6932554422080	Xiaomi Cordless Hair Straightener Brush	238
2294	Xiaomi		Xiaomi Curved Gaming Monitor 30" UK	-1
2275	Xiaomi	6941812795293	Xiaomi Desktop Heater	423
2246	Xiaomi	6932554444648	Xiaomi Dual Zone Air Fryer 12L UK	439
2232	Xiaomi	6941812734339	Xiaomi Electric Glass Kettle EU	332
2233	Xiaomi	6934177778278	Xiaomi Electric Kettle 2 UK	362
2290	Xiaomi	6941812703311	Xiaomi Electric Scooter Riding Gloves XL	211
2291	Xiaomi	6941812702734	Xiaomi Electric Scooter Storage Bag	106
2218	Xiaomi	6934177767036	Xiaomi Electric Shaver S700 Replacement Heads	233
2274	Xiaomi	6941812773185	Xiaomi Fan Heater	165
2295	Xiaomi	6941948701427	Xiaomi Gaming Monitor G27i UK 165HZ	405
1735	Xiaomi	6934177794308	Xiaomi Grooming Kit Pro Beard Trimmer	-1
2217	Xiaomi	6941812796450	Xiaomi Hair Clipper 2 (MJGHHC2LF)	498
2225	Xiaomi	6941812774564	Xiaomi Handheld Garment Steamer UK	395
2226	Xiaomi	6941812796696	Xiaomi Handheld Steam Iron UK	186
2277	Xiaomi	6941812798034	Xiaomi High-speed Iconic Hair Dryer GB	275
2207	Xiaomi	6941812702864	Xiaomi Instant Photo Paper 6" (40 Sheets)	436
2206	Xiaomi	6941812701614	Xiaomi Instant Photo Printer 1S Set EU	441
2196	Xiaomi	6941812726792	Xiaomi LCD Writing Tablet 13.5" (Color Edition)	182
2151	Xiaomi	6932554473754	Xiaomi Magnetic Power Bank 33w 10000 with Built-in Stand Beige	240
2152	Xiaomi	6932554473723	Xiaomi Magnetic Power Bank 33w 10000 with Built-in Stand Gray	410
2211	Xiaomi		Xiaomi Mi AIoT Router AC2350	405
2212	Xiaomi		Xiaomi Mi AIoT Router AX3600	423
2282	Xiaomi		Xiaomi Mi Bluetooth Selfie Stick Grey	174
2248	Xiaomi		Xiaomi Mi Induction Heating Rice Cooker	465
2296	Xiaomi	6941948703209	Xiaomi Mini LED Gaming Monitor G Pro 27i UK	186
2299	Xiaomi	6941948708389	Xiaomi Monitor A24i 2026-UK	384
2208	Xiaomi	6932554439675	Xiaomi Portable Photo Printer Pro	373
2147	Xiaomi	6941812758663	Xiaomi Power Bank 10000mAh 22.5W Lite GL	208
2260	Xiaomi	6934177795145	Xiaomi Robot Vacuum S10/S12/T12/X20 Filter	259
2243	Xiaomi	6941812729335	Xiaomi Smart Air Fryer 6.5L Black UK	74
2162	Xiaomi		Xiaomi Smart Band 7 Charging Cable	404
2138	Xiaomi		Xiaomi Smart Band 7 Pro Strap (Blue)	385
2140	Xiaomi		Xiaomi Smart Band 7 Pro Strap (OLIVE)	264
2139	Xiaomi		Xiaomi Smart Band 7 Pro Strap (Pink)	397
2136	Xiaomi		Xiaomi Smart Band 7 Pro Strap Moon Gray	305
2137	Xiaomi		Xiaomi Smart Band 7 Pro Strap Pine Green	323
2141	Xiaomi	6941812722923	Xiaomi Smart Band 8 Gold	331
2142	Xiaomi	6941812775790	Xiaomi Smart Band 9 Mystic Rose	357
2237	Xiaomi	6934177780547	Xiaomi Smart Blender UK	61
1746	Xiaomi		Xiaomi Smart Camera C300 Dual EU	-1
1743	Xiaomi	6932554483432	Xiaomi Smart Camera C302	-1
2247	Xiaomi	6934177778247	Xiaomi Smart Cooking Robot UK	361
2180	Xiaomi	6934177778360	Xiaomi Smart Lightstrip Extension	479
2181	Xiaomi	6934177795312	Xiaomi Smart Lightstrip Pro	293
2182	Xiaomi	6934177795305	Xiaomi Smart Lightstrip Pro Extension	293
2280	Xiaomi	6934177787850	Xiaomi Smart Pet Food Feeder Desiccant Cartridge	211
2273	Xiaomi	6941812742587	Xiaomi Smart Scent Diffuser	272
2271	Xiaomi	6941812761366	Xiaomi Smart Scent Diffuser Refill ( Rose and Iychee)	161
2272	Xiaomi	6941812761380	Xiaomi Smart Scent Diffuser Refill ( Wood and Tea)	161
2170	Xiaomi	6934177749094	Xiaomi Smart Speaker (IR Control)	244
2172	Xiaomi	6934177789281	Xiaomi Smart Speaker Lite	454
2276	Xiaomi	6934177787072	Xiaomi Smart Tower Heater Lite EU	230
2176	Xiaomi	6941948706743	Xiaomi Sound Party NS7-GL 50w	223
2300	Xiaomi	6941948707368	Xiaomi Soundbar Pro 2.1 ch NS4-GB	488
1740	Xiaomi	6941948707610	Xiaomi TV S Pro 55 Mini LED	-1
1742	Xiaomi		Xiaomi TV S Pro 75 Mini LED	-1
2287	Xiaomi	6932554480790	Xiaomi Tag 1 Pack	374
2266	Xiaomi	6941812791882	Xiaomi Truclean W20 Wet Dry Vacuum UK	367
2149	Xiaomi	6932554496173	Xiaomi UltraThin Magnetic Power Bank  5000 15W Graphite Black	211
2148	Xiaomi	6932554494001	Xiaomi UltraThin Magnetic Power Bank 5000 15W Glacier Silver	193
2219	Xiaomi	6941812717998	Xiaomi UniBlade Replacement Head	353
2220	Xiaomi	6941812717974	Xiaomi UniBlade Trimmer GL	293
2221	Xiaomi		Xiaomi UniBlade Trimmer X300	-1
2252	Xiaomi	6934177781957	Xiaomi Vacuum Cleaner G11 Extended Battery Pack	492
2250	Xiaomi	6934177781940	Xiaomi Vacuum Cleaner G11 Filter	73
2267	Xiaomi	6932554464318	Xiaomi Vacuum Cleaner P30 GL	186
2123	Xiaomi	6941812764350	Xiaomi Watch 2 Black Case With Black TPU Strap	434
2124	Xiaomi	6941812764404	Xiaomi Watch 2 Sliver Case With Gray TPU Strap	433
2122	Xiaomi	6934177767098	Xiaomi Watch S1 Strap (Leather) Blue	420
2121	Xiaomi	6934177761300	Xiaomi Watch S1 Strap (Leather) Brown	225
2279	Xiaomi	6934177741869	Xiaomi Water Ionic Hair Dryer H500 UK	187
2265	Xiaomi	6932554459437	Xiaomi Wet and Dry Vacuum W30 Pro UK	125
2198	Xiaomi	6934177787089	Xiaomi Wireless Keyboard and Mouse Combo	208
1744	Xiaomi	6934177799921	Xiaomi smart camera C400	-1
2880		6972576181343	outdoor bluetooth speaker-black	53
2881		6972576181398	outdoor bluetooth speaker-silver	0
1831		545454545	trtrtrtrtr	-1
